[{"model": "admin.logentry", "pk": 1, "fields": {"action_time": "2021-03-19T20:33:47.500Z", "user": 1, "content_type": 9, "object_id": "1", "object_repr": "Basket object (1)", "action_flag": 2, "change_message": "[]"}}, {"model": "social_django.usersocialauth", "pk": 1, "fields": {"user": 16, "provider": "vk-oauth2", "uid": "1751613", "extra_data": "{\"auth_time\": 1618242807, \"id\": 1751613, \"expires\": 86400, \"access_token\": \"56d17cbe6157a0d0fc70e4274390fb4de43bccc3491502178aa9dcfbbecd8819dcc57b8dd3ee1a9e57a0d\", \"token_type\": null}", "created": "2021-04-11T08:16:14.900Z", "modified": "2021-04-12T15:53:27.161Z"}}, {"model": "mainapp.productcategory", "pk": 11, "fields": {"name": "стулья", "description": "отличные стулья", "is_active": true}}, {"model": "mainapp.productcategory", "pk": 12, "fields": {"name": "столы", "description": "отличные столы", "is_active": true}}, {"model": "mainapp.productcategory", "pk": 13, "fields": {"name": "комоды", "description": "отличные комоды", "is_active": true}}, {"model": "mainapp.productcategory", "pk": 14, "fields": {"name": "кровати", "description": "отличные кровати", "is_active": false}}, {"model": "mainapp.productcategory", "pk": 15, "fields": {"name": "тумбочки", "description": "отличные тумбочки", "is_active": true}}, {"model": "mainapp.productcategory", "pk": 16, "fields": {"name": "йцу", "description": "йц", "is_active": false}}, {"model": "mainapp.productcategory", "pk": 17, "fields": {"name": "Тест", "description": "Тест", "is_active": true}}, {"model": "mainapp.product", "pk": 31, "fields": {"category": 11, "name": "стул_1", "image": "", "short_desc": "короткое описание", "description": "полное описание", "price": "10011.50", "quantity": 1, "is_active": true}}, {"model": "mainapp.product", "pk": 32, "fields": {"category": 11, "name": "стул_2", "image": "product_images/pr_2.jpg", "short_desc": "короткое описание", "description": "полное описание", "price": "200.50", "quantity": 2, "is_active": true}}, {"model": "mainapp.product", "pk": 33, "fields": {"category": 11, "name": "стул_3", "image": "product_images/pr_3.jpg", "short_desc": "короткое описание", "description": "полное описание", "price": "300.50", "quantity": 115, "is_active": true}}, {"model": "mainapp.product", "pk": 34, "fields": {"category": 12, "name": "стол_1", "image": "product_images/pr_4.jpg", "short_desc": "короткое описание", "description": "полное описание", "price": "100.50", "quantity": 2, "is_active": false}}, {"model": "mainapp.product", "pk": 35, "fields": {"category": 12, "name": "стол_2", "image": "product_images/pr_5.jpg", "short_desc": "короткое описание", "description": "полное описание", "price": "200.50", "quantity": 16, "is_active": false}}, {"model": "mainapp.product", "pk": 36, "fields": {"category": 12, "name": "стол_3", "image": "product_images/pr_6.jpg", "short_desc": "короткое описание", "description": "полное описание", "price": "300.50", "quantity": 2, "is_active": false}}, {"model": "mainapp.product", "pk": 37, "fields": {"category": 13, "name": "комод_1", "image": "product_images/pr_7.jpg", "short_desc": "", "description": "полное описание", "price": "100.50", "quantity": 0, "is_active": true}}, {"model": "mainapp.product", "pk": 38, "fields": {"category": 13, "name": "комод_2", "image": "product_images/pr_8.jpg", "short_desc": "короткое описание", "description": "полное описание", "price": "200.50", "quantity": 6, "is_active": true}}, {"model": "mainapp.product", "pk": 39, "fields": {"category": 13, "name": "комод_3", "image": "product_images/pr_9.jpg", "short_desc": "короткое описание", "description": "полное описание", "price": "300.50", "quantity": 3, "is_active": true}}, {"model": "mainapp.product", "pk": 40, "fields": {"category": 14, "name": "кровать_1", "image": "product_images/pr_10.jpg", "short_desc": "короткое описание", "description": "полное описание", "price": "100.50", "quantity": 0, "is_active": true}}, {"model": "mainapp.product", "pk": 41, "fields": {"category": 14, "name": "кровать_2", "image": "product_images/pr_11.jpg", "short_desc": "короткое описание", "description": "полное описание", "price": "200.50", "quantity": 4, "is_active": true}}, {"model": "mainapp.product", "pk": 42, "fields": {"category": 14, "name": "кровать_3", "image": "product_images/pr_12.jpg", "short_desc": "короткое описание", "description": "полное описание", "price": "300.50", "quantity": 2, "is_active": true}}, {"model": "mainapp.product", "pk": 43, "fields": {"category": 15, "name": "тумбочка_1", "image": "product_images/pr_13.jpg", "short_desc": "короткое описание", "description": "полное описание", "price": "100.50", "quantity": 0, "is_active": true}}, {"model": "mainapp.product", "pk": 44, "fields": {"category": 15, "name": "тумбочка_2", "image": "product_images/pr_14.jpg", "short_desc": "короткое описание", "description": "полное описание", "price": "200.50", "quantity": 0, "is_active": true}}, {"model": "mainapp.product", "pk": 45, "fields": {"category": 15, "name": "тумбочка_3", "image": "product_images/pr_15.jpg", "short_desc": "короткое описание", "description": "полное описание", "price": "300.50", "quantity": 2, "is_active": true}}, {"model": "mainapp.product", "pk": 46, "fields": {"category": 12, "name": "123", "image": "", "short_desc": "", "description": "", "price": "0.00", "quantity": 0, "is_active": false}}, {"model": "authapp.shopuser", "pk": 1, "fields": {"password": "pbkdf2_sha256$216000$tGL9CRQLh0Vd$ngsqm4T+hlENWlHW0zwtvb8PrNAr4LEhtiUThoZ7tQg=", "last_login": "2021-05-03T20:32:58.033Z", "is_superuser": true, "username": "django", "first_name": "Django", "last_name": "asd", "email": "igor.kdde@mail.ru", "is_staff": true, "is_active": true, "date_joined": "2021-03-14T05:25:29Z", "avatar": "", "age": 21, "activation_key": "", "activation_key_expires": "2021-04-07T05:00:40.386Z", "groups": [], "user_permissions": []}}, {"model": "authapp.shopuser", "pk": 2, "fields": {"password": "pbkdf2_sha256$216000$k5jV1TZnXUpf$BaF9dn7ZVz1oJGLH0M+HG0SMGN5gwwuZ7ChQ5yxNLqI=", "last_login": "2021-04-27T02:48:09.353Z", "is_superuser": false, "username": "qwe", "first_name": "qwe", "last_name": "", "email": "igoryan83701@gmail.com", "is_staff": false, "is_active": true, "date_joined": "2021-03-15T02:39:31Z", "avatar": "", "age": 30, "activation_key": "", "activation_key_expires": "2021-04-07T05:00:40.386Z", "groups": [], "user_permissions": []}}, {"model": "authapp.shopuser", "pk": 3, "fields": {"password": "pbkdf2_sha256$216000$HI3OT59LqqyI$fP3k5yO80jmk6ChG5BueAJY5dUIuKTYbNt4AhiJ3/Jw=", "last_login": null, "is_superuser": false, "username": "IgorM", "first_name": "Igor", "last_name": "", "email": "igor.zo@mail.ru", "is_staff": false, "is_active": true, "date_joined": "2021-03-29T20:03:43.993Z", "avatar": "", "age": 20, "activation_key": "", "activation_key_expires": "2021-04-07T05:00:40.386Z", "groups": [], "user_permissions": []}}, {"model": "authapp.shopuser", "pk": 4, "fields": {"password": "pbkdf2_sha256$216000$nEVJ7WwYhq2m$Xd9WQH+Ima1Bpz0YvTEVuCUQYgCoOXg2kB96igVEdio=", "last_login": null, "is_superuser": false, "username": "django3", "first_name": "asd", "last_name": "", "email": "django3@gb.local", "is_staff": false, "is_active": false, "date_joined": "2021-04-07T05:27:41.824Z", "avatar": "", "age": 23, "activation_key": "42a81b1faf74fd4f925d7b31db5f52f106086d47", "activation_key_expires": "2021-04-07T05:27:42.551Z", "groups": [], "user_permissions": []}}, {"model": "authapp.shopuser", "pk": 5, "fields": {"password": "pbkdf2_sha256$216000$8rTNa5P5NRZd$1a+6l7ml+oFEYq9PCk71KGYkg0ixPHV2HAO3OOZgimE=", "last_login": null, "is_superuser": false, "username": "django4", "first_name": "djqe", "last_name": "", "email": "django4@gb.local", "is_staff": false, "is_active": false, "date_joined": "2021-04-07T05:35:02.541Z", "avatar": "", "age": 23, "activation_key": "2d2cc6f1086720188e160539f8031b9811fa13ce", "activation_key_expires": "2021-04-07T05:35:03.917Z", "groups": [], "user_permissions": []}}, {"model": "authapp.shopuser", "pk": 6, "fields": {"password": "pbkdf2_sha256$216000$pXP4SZsi6NH3$aoqbg5Ot1FVKySSfhlpTbXvkmm606nYp3Q9N/OZ/Ykk=", "last_login": null, "is_superuser": false, "username": "dj5", "first_name": "qaz", "last_name": "", "email": "django5@gb.local", "is_staff": false, "is_active": false, "date_joined": "2021-04-07T05:37:13.830Z", "avatar": "", "age": 21, "activation_key": "5c3a7a0032d5f43dbf696fb6669def7cfeb44779", "activation_key_expires": "2021-04-07T05:37:14.643Z", "groups": [], "user_permissions": []}}, {"model": "authapp.shopuser", "pk": 7, "fields": {"password": "pbkdf2_sha256$216000$bpRZ8UqF2PgJ$1SaPOArwA5X4Gz4lV3ArDfXDEfT1xliqvd3hQthzk50=", "last_login": null, "is_superuser": false, "username": "django6", "first_name": "Django6", "last_name": "", "email": "django6@gb.local", "is_staff": false, "is_active": false, "date_joined": "2021-04-07T06:13:00.085Z", "avatar": "", "age": 21, "activation_key": "4309bef7acfae73b884f2a9d055ddbd3c97760c0", "activation_key_expires": "2021-04-07T06:13:00.890Z", "groups": [], "user_permissions": []}}, {"model": "authapp.shopuser", "pk": 8, "fields": {"password": "pbkdf2_sha256$216000$E23jfmWD9hAi$Gru7JvktmYMXe1ya8MaZaCe0tDJqHJQo5OvKZnKyfwI=", "last_login": null, "is_superuser": false, "username": "django7", "first_name": "Django7", "last_name": "", "email": "django7@gb.local", "is_staff": false, "is_active": false, "date_joined": "2021-04-07T06:14:16.674Z", "avatar": "", "age": 21, "activation_key": "2aa112051a635cf25347e5109d10c1c971b1129c", "activation_key_expires": "2021-04-07T06:14:17.402Z", "groups": [], "user_permissions": []}}, {"model": "authapp.shopuser", "pk": 9, "fields": {"password": "pbkdf2_sha256$216000$W2YsskzzgKZw$aOKi7s81GSAQ/nGApe1xqf36LlF2ZvWjQRAE1HyRaqY=", "last_login": null, "is_superuser": false, "username": "django8", "first_name": "qwe", "last_name": "", "email": "django7@gb.local", "is_staff": false, "is_active": false, "date_joined": "2021-04-07T06:20:08.678Z", "avatar": "", "age": 21, "activation_key": "2811aba50dd9804cd6edb01e87322fd58370ef01", "activation_key_expires": "2021-04-07T06:20:09.399Z", "groups": [], "user_permissions": []}}, {"model": "authapp.shopuser", "pk": 10, "fields": {"password": "pbkdf2_sha256$216000$hq18cc5cji36$Kv13ujE/ZmMg9Ljda09kehWLcwwqKD5xWzHpdSNq9zc=", "last_login": null, "is_superuser": false, "username": "asdf", "first_name": "asdf", "last_name": "", "email": "django7@gb.local", "is_staff": false, "is_active": false, "date_joined": "2021-04-07T06:22:48.032Z", "avatar": "", "age": 21, "activation_key": "81b6b66b880a0aca91abed6a044bcdbe7c2bd940", "activation_key_expires": "2021-04-07T06:22:48.668Z", "groups": [], "user_permissions": []}}, {"model": "authapp.shopuser", "pk": 11, "fields": {"password": "pbkdf2_sha256$216000$55VkPAYmx7yd$a9/MAZnnfghAAxNDZlJtbC35tVbUOkBHvsAkyj8/ux0=", "last_login": "2021-04-07T06:26:14.512Z", "is_superuser": false, "username": "test1", "first_name": "test", "last_name": "", "email": "django10@gb.local", "is_staff": false, "is_active": true, "date_joined": "2021-04-07T06:25:30.118Z", "avatar": "", "age": 21, "activation_key": "", "activation_key_expires": "2021-04-07T06:25:30.956Z", "groups": [], "user_permissions": []}}, {"model": "authapp.shopuser", "pk": 12, "fields": {"password": "pbkdf2_sha256$216000$Anrj6gnfPBpd$xkX7sNxH10dDa9U86A5/hMsDR1iPZUvTAJcH4BFMrw0=", "last_login": "2021-04-07T06:28:39.691Z", "is_superuser": false, "username": "tets2", "first_name": "edsa", "last_name": "", "email": "django110@gb.local", "is_staff": false, "is_active": true, "date_joined": "2021-04-07T06:28:22.422Z", "avatar": "", "age": 21, "activation_key": "", "activation_key_expires": "2021-04-07T06:28:23.215Z", "groups": [], "user_permissions": []}}, {"model": "authapp.shopuser", "pk": 13, "fields": {"password": "pbkdf2_sha256$216000$r4EDZLvrjByV$EWyUSvuI+aveCrmExO5MC3GZvw0AZyFRW+VKXZcQZG0=", "last_login": null, "is_superuser": false, "username": "test3", "first_name": "tgb", "last_name": "", "email": "django71@gb.local", "is_staff": false, "is_active": false, "date_joined": "2021-04-07T06:38:26.914Z", "avatar": "", "age": 21, "activation_key": "34c2d63181cb5ad0d5495a03e7c93c4b0af2c5ee", "activation_key_expires": "2021-04-07T06:38:27.542Z", "groups": [], "user_permissions": []}}, {"model": "authapp.shopuser", "pk": 14, "fields": {"password": "pbkdf2_sha256$216000$vsPDX0ca4EoD$a+FZPcAJdXwYBxGukl3zm+MxXsxVHYGw1YSHjAP9sXM=", "last_login": null, "is_superuser": false, "username": "test4", "first_name": "tgb", "last_name": "", "email": "django171@gb.local", "is_staff": false, "is_active": false, "date_joined": "2021-04-07T06:39:22.055Z", "avatar": "", "age": 21, "activation_key": "4e0984cd2d7cbc8fbc9b0903a5ff8d9ade932d09", "activation_key_expires": "2021-04-07T06:39:22.669Z", "groups": [], "user_permissions": []}}, {"model": "authapp.shopuser", "pk": 15, "fields": {"password": "pbkdf2_sha256$216000$ptF3uf7lG0o9$pOaFgU6jt5JDDJOFQVEHAo7uIM9mT2HFGFkZNNDdl+M=", "last_login": null, "is_superuser": false, "username": "django12312", "first_name": "dgdfe", "last_name": "", "email": "django71111@gb.local", "is_staff": false, "is_active": false, "date_joined": "2021-04-07T06:41:55.051Z", "avatar": "", "age": 21, "activation_key": "c43334e70cdd8ffee295fc36dfffd5fe78ad582b", "activation_key_expires": "2021-04-07T06:41:55.736Z", "groups": [], "user_permissions": []}}, {"model": "authapp.shopuser", "pk": 16, "fields": {"password": "!z3F7xMOWXdm6huLmDeTV71naCeOdI6ah4bQUWuiO", "last_login": "2021-04-12T15:53:27.227Z", "is_superuser": false, "username": "id1751613", "first_name": "Igor", "last_name": "Minyakov", "email": "igor.kerro@mail.r112111111uq1qq", "is_staff": false, "is_active": true, "date_joined": "2021-04-08T07:16:09.700Z", "avatar": "/users_avatars/16.jpg", "age": 25, "activation_key": "", "activation_key_expires": "2021-04-08T07:16:09.700Z", "groups": [], "user_permissions": []}}, {"model": "authapp.shopuser", "pk": 17, "fields": {"password": "pbkdf2_sha256$216000$ftTmRFtS5LFo$kigel0Ju/PJ0ML/IvDDkGqVI4SLn50XDCagusbsyvAg=", "last_login": null, "is_superuser": false, "username": "zxc", "first_name": "asd", "last_name": "", "email": "djanzo7@gb.local", "is_staff": false, "is_active": false, "date_joined": "2021-04-10T20:15:45.881Z", "avatar": "", "age": 18, "activation_key": "707c72a621b994b6ea93acde3d36ccd1e7b5accf", "activation_key_expires": "2021-04-10T20:15:46.538Z", "groups": [], "user_permissions": []}}, {"model": "authapp.shopuser", "pk": 18, "fields": {"password": "pbkdf2_sha256$216000$GhYIHnYFaIhx$X2tE/uxl1QJs2li9sQ12h4jsMOgUmT+2nLOvKZy/q/c=", "last_login": null, "is_superuser": false, "username": "zxc111", "first_name": "asd", "last_name": "", "email": "djanzo7@gb.local", "is_staff": false, "is_active": false, "date_joined": "2021-04-10T20:25:28.409Z", "avatar": "", "age": 18, "activation_key": "66cfc9706f0c3aca9e497bb7b4a5ecd40548dde5", "activation_key_expires": "2021-04-10T20:25:29.216Z", "groups": [], "user_permissions": []}}, {"model": "authapp.shopuser", "pk": 19, "fields": {"password": "pbkdf2_sha256$216000$IIb9OXd259Dl$7HUXmZD7K8JAGkGZdI70A8RFKfz/XiVka6m9R2SZVYg=", "last_login": null, "is_superuser": false, "username": "tgb", "first_name": "asdq", "last_name": "", "email": "djanzo7@gb.local", "is_staff": false, "is_active": false, "date_joined": "2021-04-10T20:25:53.456Z", "avatar": "", "age": 18, "activation_key": "21fc8fc56796519453c6a46a51c2c4c93bf8e6e6", "activation_key_expires": "2021-04-10T20:25:54.070Z", "groups": [], "user_permissions": []}}, {"model": "authapp.shopuser", "pk": 20, "fields": {"password": "pbkdf2_sha256$216000$kcfBCxyJXix0$WMAyshjYZMQgEK6qjKdvbYjsubpJHGAf6A6Tbq/54TA=", "last_login": null, "is_superuser": false, "username": "tgb11", "first_name": "asdq1", "last_name": "", "email": "djanzo7@gb.local", "is_staff": false, "is_active": false, "date_joined": "2021-04-10T20:28:18.762Z", "avatar": "", "age": 18, "activation_key": "fd5582665d01558c614444f9d1478b40e03a2bea", "activation_key_expires": "2021-04-10T20:28:19.542Z", "groups": [], "user_permissions": []}}, {"model": "authapp.shopuser", "pk": 21, "fields": {"password": "pbkdf2_sha256$216000$hz6YGXj8x2Md$sXtjUPtJ+OEIup4O0f+gq4on7wQoKrBKYABNwFb94Pg=", "last_login": null, "is_superuser": false, "username": "qwe111", "first_name": "asdqwe", "last_name": "", "email": "django81@gb.local", "is_staff": false, "is_active": false, "date_joined": "2021-04-10T20:30:29.137Z", "avatar": "", "age": 18, "activation_key": "cb0937d4cfaff2c5d6ecc2b17d5ab7488f65b493", "activation_key_expires": "2021-04-10T20:30:29.779Z", "groups": [], "user_permissions": []}}, {"model": "authapp.shopuser", "pk": 22, "fields": {"password": "pbkdf2_sha256$216000$kE2sDfQ8DSzI$RbPQVVQxnK+auabOLLLnSowcw5gv2oCj1FTpwcSg7Jw=", "last_login": null, "is_superuser": false, "username": "йцу", "first_name": "йцук", "last_name": "", "email": "igoryan83701@gmail.com111", "is_staff": false, "is_active": false, "date_joined": "2021-04-11T05:42:24.264Z", "avatar": "", "age": 18, "activation_key": "d9cda92fd50d981daf142b8860e2e322e0dc2734", "activation_key_expires": "2021-04-11T05:42:24.631Z", "groups": [], "user_permissions": []}}, {"model": "authapp.shopuser", "pk": 23, "fields": {"password": "pbkdf2_sha256$216000$rlE10AoJIwIc$eMoByZ5XQV+B6UPVidYex8E1SmWXUit9y6NccWMu9PY=", "last_login": null, "is_superuser": false, "username": "zxcz", "first_name": "fasaq", "last_name": "", "email": "igoryan83701@gmail.comzxczxc", "is_staff": false, "is_active": false, "date_joined": "2021-04-11T05:50:37.548Z", "avatar": "", "age": 18, "activation_key": "3012aa6a5f8115c2bd4414edf55a193a9b25ee9e", "activation_key_expires": "2021-04-11T05:50:37.894Z", "groups": [], "user_permissions": []}}, {"model": "authapp.shopuser", "pk": 24, "fields": {"password": "pbkdf2_sha256$216000$XTvFq7x0y8aF$Ixx2BZ99GIsBaSJpQCzZVcfuwYeAkB+N4IVMTIiqf8k=", "last_login": null, "is_superuser": false, "username": "django1223", "first_name": "qwezzs", "last_name": "", "email": "igor.kerro@mail.ruqweqwe", "is_staff": false, "is_active": false, "date_joined": "2021-04-11T06:04:08.935Z", "avatar": "", "age": 18, "activation_key": "736189c1e5b4b0b06bab835db6a630930665f27b", "activation_key_expires": "2021-04-11T06:04:09.296Z", "groups": [], "user_permissions": []}}, {"model": "authapp.shopuser", "pk": 25, "fields": {"password": "pbkdf2_sha256$216000$6sJxijHOl4I0$TREO6PHaSb1ZiBQrlmq3GL6EgVPckoqiboQgvtzXoh4=", "last_login": null, "is_superuser": false, "username": "112qqweaa", "first_name": "tgbas", "last_name": "", "email": "igoryan83701@gmail.comasdasd", "is_staff": false, "is_active": false, "date_joined": "2021-04-11T14:10:44.817Z", "avatar": "", "age": 18, "activation_key": "93ce240be247cc8eb08813f6dbd9d373ef418535", "activation_key_expires": "2021-04-11T14:10:45.570Z", "groups": [], "user_permissions": []}}, {"model": "authapp.shopuser", "pk": 26, "fields": {"password": "pbkdf2_sha256$216000$BaLhUvLLuNpF$fckR2ZurAOO4Y2Ta/mKURcbWLcKXDTwKrgCKsZQ9YcE=", "last_login": null, "is_superuser": false, "username": "jkljkl", "first_name": "ookj", "last_name": "", "email": "django7@gb.locaaaa", "is_staff": false, "is_active": true, "date_joined": "2021-04-11T14:52:40.522Z", "avatar": "", "age": 18, "activation_key": "", "activation_key_expires": "2021-04-11T14:52:40.962Z", "groups": [], "user_permissions": []}}, {"model": "authapp.shopuser", "pk": 27, "fields": {"password": "pbkdf2_sha256$216000$KPsOXAwWRDVa$D0jmAwfaidvG9Kv40Xy0ZAdozp2D3wMJH9QZS2PSCd0=", "last_login": null, "is_superuser": false, "username": "jkljklwww", "first_name": "ookj", "last_name": "", "email": "django7@gb.locaawaa", "is_staff": false, "is_active": true, "date_joined": "2021-04-11T14:55:23.792Z", "avatar": "", "age": 18, "activation_key": "", "activation_key_expires": "2021-04-11T14:55:24.483Z", "groups": [], "user_permissions": []}}, {"model": "authapp.shopuser", "pk": 28, "fields": {"password": "pbkdf2_sha256$216000$SupOas0PMXQ3$zZbt8XDn3VQLdaryizV1TLM+iIR227Xry2kpkUqYyHQ=", "last_login": null, "is_superuser": false, "username": "tgbyh", "first_name": "tgbyh", "last_name": "", "email": "igoryan83701@gmqqqail.com", "is_staff": false, "is_active": true, "date_joined": "2021-04-11T14:57:32.015Z", "avatar": "", "age": 18, "activation_key": "", "activation_key_expires": "2021-04-11T14:57:32.696Z", "groups": [], "user_permissions": []}}, {"model": "authapp.shopuser", "pk": 29, "fields": {"password": "pbkdf2_sha256$216000$iCfTGAYiW94B$6KamsSC3FXT9i0x2dJ+p9jTQkFoMhyD2zQ/HT0Pf8ds=", "last_login": null, "is_superuser": false, "username": "tgbyhqweqwe", "first_name": "tgbyhqweqwe", "last_name": "", "email": "igoryan83701@gmqwwwqqail.com", "is_staff": false, "is_active": false, "date_joined": "2021-04-11T14:58:40.205Z", "avatar": "", "age": 18, "activation_key": "84a8b4991fcf44eadff589609591cf7e9236e9f9", "activation_key_expires": "2021-04-11T14:58:40.886Z", "groups": [], "user_permissions": []}}, {"model": "authapp.shopuser", "pk": 30, "fields": {"password": "pbkdf2_sha256$216000$84x65xBXEZyx$T8PAoYSo75lE/PAJbI8Cc/rCKyrYesCeSgorfoNYTaw=", "last_login": null, "is_superuser": false, "username": "екрек", "first_name": "xcxc", "last_name": "", "email": "igor.kerro@masdail.ru", "is_staff": false, "is_active": false, "date_joined": "2021-04-12T05:51:51.155Z", "avatar": "", "age": 18, "activation_key": "10fcbedbfd22b8960d5d7abda109638bc1ea984b", "activation_key_expires": "2021-04-12T05:51:52.039Z", "groups": [], "user_permissions": []}}, {"model": "authapp.shopuser", "pk": 31, "fields": {"password": "pbkdf2_sha256$216000$BYpP0azFgRAo$MmIMwHMSjgugYczBUNQYn9od1KeLt0xTR3Hy9jcoGI8=", "last_login": "2021-04-12T15:56:18.831Z", "is_superuser": false, "username": "qweqwe", "first_name": "qwe", "last_name": "", "email": "igor.kerro@maqweqweil.ru", "is_staff": false, "is_active": true, "date_joined": "2021-04-12T15:54:24.609Z", "avatar": "", "age": 18, "activation_key": "", "activation_key_expires": "2021-04-12T15:54:25.273Z", "groups": [], "user_permissions": []}}, {"model": "authapp.shopuser", "pk": 32, "fields": {"password": "pbkdf2_sha256$216000$ePkRBAzqRmZB$2pK0+/CEAwMvVTRcfdO19IlRKZyTA1BAjRRUSgbci00=", "last_login": "2021-04-26T20:38:59.057Z", "is_superuser": false, "username": "qwert", "first_name": "qwert", "last_name": "", "email": "igor.kerro@mail.ru", "is_staff": false, "is_active": true, "date_joined": "2021-04-26T20:37:21.555Z", "avatar": "", "age": 18, "activation_key": "", "activation_key_expires": "2021-04-26T20:37:22.280Z", "groups": [], "user_permissions": []}}, {"model": "authapp.shopuserprofile", "pk": 1, "fields": {"user": 1, "tag_line": "1231", "about_me": "qwe", "gender": ""}}, {"model": "authapp.shopuserprofile", "pk": 2, "fields": {"user": 2, "tag_line": "", "about_me": "qweqw", "gender": ""}}, {"model": "authapp.shopuserprofile", "pk": 5, "fields": {"user": 5, "tag_line": "", "about_me": "", "gender": ""}}, {"model": "authapp.shopuserprofile", "pk": 6, "fields": {"user": 6, "tag_line": "", "about_me": "", "gender": ""}}, {"model": "authapp.shopuserprofile", "pk": 7, "fields": {"user": 7, "tag_line": "", "about_me": "", "gender": ""}}, {"model": "authapp.shopuserprofile", "pk": 8, "fields": {"user": 8, "tag_line": "", "about_me": "", "gender": ""}}, {"model": "authapp.shopuserprofile", "pk": 9, "fields": {"user": 9, "tag_line": "", "about_me": "", "gender": ""}}, {"model": "authapp.shopuserprofile", "pk": 10, "fields": {"user": 10, "tag_line": "", "about_me": "", "gender": ""}}, {"model": "authapp.shopuserprofile", "pk": 11, "fields": {"user": 11, "tag_line": "", "about_me": "", "gender": ""}}, {"model": "authapp.shopuserprofile", "pk": 12, "fields": {"user": 12, "tag_line": "", "about_me": "", "gender": ""}}, {"model": "authapp.shopuserprofile", "pk": 13, "fields": {"user": 13, "tag_line": "", "about_me": "", "gender": ""}}, {"model": "authapp.shopuserprofile", "pk": 14, "fields": {"user": 14, "tag_line": "", "about_me": "", "gender": ""}}, {"model": "authapp.shopuserprofile", "pk": 15, "fields": {"user": 15, "tag_line": "", "about_me": "", "gender": ""}}, {"model": "authapp.shopuserprofile", "pk": 16, "fields": {"user": 16, "tag_line": "", "about_me": "1111", "gender": "M"}}, {"model": "authapp.shopuserprofile", "pk": 17, "fields": {"user": 17, "tag_line": "", "about_me": "", "gender": ""}}, {"model": "authapp.shopuserprofile", "pk": 18, "fields": {"user": 18, "tag_line": "", "about_me": "", "gender": ""}}, {"model": "authapp.shopuserprofile", "pk": 19, "fields": {"user": 19, "tag_line": "", "about_me": "", "gender": ""}}, {"model": "authapp.shopuserprofile", "pk": 20, "fields": {"user": 20, "tag_line": "", "about_me": "", "gender": ""}}, {"model": "authapp.shopuserprofile", "pk": 21, "fields": {"user": 21, "tag_line": "", "about_me": "", "gender": ""}}, {"model": "authapp.shopuserprofile", "pk": 22, "fields": {"user": 22, "tag_line": "", "about_me": "", "gender": ""}}, {"model": "authapp.shopuserprofile", "pk": 23, "fields": {"user": 23, "tag_line": "", "about_me": "", "gender": ""}}, {"model": "authapp.shopuserprofile", "pk": 24, "fields": {"user": 24, "tag_line": "", "about_me": "", "gender": ""}}, {"model": "authapp.shopuserprofile", "pk": 25, "fields": {"user": 25, "tag_line": "", "about_me": "", "gender": ""}}, {"model": "authapp.shopuserprofile", "pk": 26, "fields": {"user": 29, "tag_line": "", "about_me": "", "gender": ""}}, {"model": "authapp.shopuserprofile", "pk": 27, "fields": {"user": 30, "tag_line": "", "about_me": "", "gender": ""}}, {"model": "authapp.shopuserprofile", "pk": 28, "fields": {"user": 31, "tag_line": "", "about_me": "", "gender": ""}}, {"model": "authapp.shopuserprofile", "pk": 29, "fields": {"user": 32, "tag_line": "", "about_me": "", "gender": ""}}, {"model": "orderapp.order", "pk": 1, "fields": {"user": 1, "created": null, "updated": null, "status": "FM", "is_active": true}}, {"model": "orderapp.order", "pk": 2, "fields": {"user": 1, "created": null, "updated": null, "status": "FM", "is_active": false}}, {"model": "orderapp.order", "pk": 3, "fields": {"user": 1, "created": null, "updated": null, "status": "FM", "is_active": false}}, {"model": "orderapp.order", "pk": 4, "fields": {"user": 1, "created": null, "updated": null, "status": "FM", "is_active": false}}, {"model": "orderapp.order", "pk": 5, "fields": {"user": 1, "created": null, "updated": null, "status": "FM", "is_active": true}}, {"model": "orderapp.order", "pk": 6, "fields": {"user": 2, "created": null, "updated": null, "status": "FM", "is_active": false}}, {"model": "orderapp.order", "pk": 7, "fields": {"user": 2, "created": null, "updated": null, "status": "FM", "is_active": false}}, {"model": "orderapp.order", "pk": 8, "fields": {"user": 2, "created": null, "updated": null, "status": "FM", "is_active": false}}, {"model": "orderapp.order", "pk": 9, "fields": {"user": 2, "created": null, "updated": null, "status": "STP", "is_active": true}}, {"model": "orderapp.order", "pk": 10, "fields": {"user": 2, "created": null, "updated": null, "status": "STP", "is_active": true}}, {"model": "orderapp.order", "pk": 11, "fields": {"user": 2, "created": null, "updated": null, "status": "STP", "is_active": true}}, {"model": "orderapp.order", "pk": 12, "fields": {"user": 2, "created": null, "updated": null, "status": "FM", "is_active": false}}, {"model": "orderapp.order", "pk": 13, "fields": {"user": 2, "created": null, "updated": null, "status": "FM", "is_active": false}}, {"model": "orderapp.order", "pk": 14, "fields": {"user": 2, "created": null, "updated": null, "status": "STP", "is_active": true}}, {"model": "orderapp.order", "pk": 15, "fields": {"user": 2, "created": null, "updated": null, "status": "STP", "is_active": true}}, {"model": "orderapp.order", "pk": 16, "fields": {"user": 2, "created": null, "updated": null, "status": "FM", "is_active": false}}, {"model": "orderapp.order", "pk": 17, "fields": {"user": 2, "created": null, "updated": null, "status": "FM", "is_active": false}}, {"model": "orderapp.order", "pk": 18, "fields": {"user": 2, "created": null, "updated": null, "status": "FM", "is_active": false}}, {"model": "orderapp.order", "pk": 19, "fields": {"user": 2, "created": null, "updated": null, "status": "STP", "is_active": true}}, {"model": "orderapp.order", "pk": 20, "fields": {"user": 2, "created": null, "updated": null, "status": "FM", "is_active": false}}, {"model": "orderapp.order", "pk": 21, "fields": {"user": 2, "created": null, "updated": null, "status": "FM", "is_active": true}}, {"model": "orderapp.order", "pk": 22, "fields": {"user": 2, "created": "2021-04-20T06:37:15.230Z", "updated": "2021-04-20T06:57:23.250Z", "status": "FM", "is_active": false}}, {"model": "orderapp.order", "pk": 23, "fields": {"user": 2, "created": "2021-04-20T07:43:20.256Z", "updated": "2021-04-20T07:44:13.212Z", "status": "FM", "is_active": true}}, {"model": "orderapp.order", "pk": 24, "fields": {"user": 1, "created": "2021-05-01T19:56:42.002Z", "updated": "2021-05-01T19:56:42.002Z", "status": "FM", "is_active": true}}, {"model": "orderapp.orderitem", "pk": 1, "fields": {"order": 1, "product": 32, "quantity": 1}}, {"model": "orderapp.orderitem", "pk": 2, "fields": {"order": 1, "product": 33, "quantity": 1}}, {"model": "orderapp.orderitem", "pk": 3, "fields": {"order": 1, "product": 34, "quantity": 1}}, {"model": "orderapp.orderitem", "pk": 4, "fields": {"order": 2, "product": 32, "quantity": 1}}, {"model": "orderapp.orderitem", "pk": 5, "fields": {"order": 2, "product": 33, "quantity": 1}}, {"model": "orderapp.orderitem", "pk": 6, "fields": {"order": 2, "product": 34, "quantity": 1}}, {"model": "orderapp.orderitem", "pk": 7, "fields": {"order": 3, "product": 32, "quantity": 0}}, {"model": "orderapp.orderitem", "pk": 8, "fields": {"order": 5, "product": 34, "quantity": 1}}, {"model": "orderapp.orderitem", "pk": 9, "fields": {"order": 7, "product": 33, "quantity": 111}}, {"model": "orderapp.orderitem", "pk": 10, "fields": {"order": 8, "product": 35, "quantity": 11}}, {"model": "orderapp.orderitem", "pk": 11, "fields": {"order": 9, "product": 37, "quantity": 1}}, {"model": "orderapp.orderitem", "pk": 12, "fields": {"order": 9, "product": 38, "quantity": 1}}, {"model": "orderapp.orderitem", "pk": 13, "fields": {"order": 10, "product": 41, "quantity": 1}}, {"model": "orderapp.orderitem", "pk": 14, "fields": {"order": 11, "product": 44, "quantity": 2}}, {"model": "orderapp.orderitem", "pk": 15, "fields": {"order": 11, "product": 45, "quantity": 1}}, {"model": "orderapp.orderitem", "pk": 16, "fields": {"order": 10, "product": 39, "quantity": 3}}, {"model": "orderapp.orderitem", "pk": 17, "fields": {"order": 13, "product": 36, "quantity": 3}}, {"model": "orderapp.orderitem", "pk": 18, "fields": {"order": 14, "product": 32, "quantity": 1}}, {"model": "orderapp.orderitem", "pk": 19, "fields": {"order": 14, "product": 33, "quantity": 1}}, {"model": "orderapp.orderitem", "pk": 20, "fields": {"order": 15, "product": 42, "quantity": 1}}, {"model": "orderapp.orderitem", "pk": 21, "fields": {"order": 16, "product": 45, "quantity": 1}}, {"model": "orderapp.orderitem", "pk": 22, "fields": {"order": 16, "product": 37, "quantity": 1}}, {"model": "orderapp.orderitem", "pk": 23, "fields": {"order": 16, "product": 33, "quantity": 3}}, {"model": "orderapp.orderitem", "pk": 24, "fields": {"order": 16, "product": 46, "quantity": 0}}, {"model": "orderapp.orderitem", "pk": 25, "fields": {"order": 17, "product": 41, "quantity": 1}}, {"model": "orderapp.orderitem", "pk": 26, "fields": {"order": 17, "product": 33, "quantity": 1}}, {"model": "orderapp.orderitem", "pk": 27, "fields": {"order": 17, "product": 45, "quantity": 1}}, {"model": "orderapp.orderitem", "pk": 30, "fields": {"order": 17, "product": 42, "quantity": 1}}, {"model": "orderapp.orderitem", "pk": 31, "fields": {"order": 18, "product": 41, "quantity": 1}}, {"model": "orderapp.orderitem", "pk": 32, "fields": {"order": 18, "product": 36, "quantity": 1}}, {"model": "orderapp.orderitem", "pk": 33, "fields": {"order": 18, "product": 35, "quantity": 1}}, {"model": "orderapp.orderitem", "pk": 34, "fields": {"order": 19, "product": 41, "quantity": 1}}, {"model": "orderapp.orderitem", "pk": 35, "fields": {"order": 19, "product": 36, "quantity": 1}}, {"model": "orderapp.orderitem", "pk": 36, "fields": {"order": 19, "product": 35, "quantity": 1}}, {"model": "orderapp.orderitem", "pk": 37, "fields": {"order": 19, "product": 45, "quantity": 0}}, {"model": "orderapp.orderitem", "pk": 38, "fields": {"order": 20, "product": 33, "quantity": 1}}, {"model": "orderapp.orderitem", "pk": 39, "fields": {"order": 20, "product": 44, "quantity": 0}}, {"model": "orderapp.orderitem", "pk": 40, "fields": {"order": 21, "product": 41, "quantity": 1}}, {"model": "orderapp.orderitem", "pk": 42, "fields": {"order": 22, "product": 42, "quantity": 2}}, {"model": "orderapp.orderitem", "pk": 43, "fields": {"order": 23, "product": 34, "quantity": 1}}, {"model": "orderapp.orderitem", "pk": 44, "fields": {"order": 23, "product": 42, "quantity": 0}}, {"model": "orderapp.orderitem", "pk": 45, "fields": {"order": 24, "product": 33, "quantity": 1}}, {"model": "orderapp.orderitem", "pk": 46, "fields": {"order": 24, "product": 37, "quantity": 1}}, {"model": "orderapp.orderitem", "pk": 47, "fields": {"order": 24, "product": 41, "quantity": 1}}, {"model": "orderapp.orderitem", "pk": 48, "fields": {"order": 24, "product": 41, "quantity": 1}}]